"","trackNb","rotation","n","mean","se.mean","kappa","se.kappa","variance","r","p.value","signif","dir.n","dir.mean","dir.se.mean","dir.kappa","dir.se.kappa","dir.variance","dir.r","dir.p.value","dir.signif","turn.n","turn.abs.mean","turn.freq.gt45","speed.n","speed.mean","speed.sd","speed.median","speed.mad","bin.angle","deploy_id","fileName"
"2",1,"rotated",490,333.468464608862,3.213314941672,1.23760708326667,0.0822712282327575,0.471932886767728,0.528067113232272,4.55495796197472e-60,TRUE,469,80.9439280742229,85.5816574761039,0.043724252971922,0.0653257235572204,0.978143096378743,0.0218569036212567,0.799273038234458,FALSE,450,41.2780390990453,0.355555555555556,469,0.643052717831231,0.26636851055067,0.611435844075346,0.240441899051933,0,105,"E:/Belize_DISC_2016/DATA/DISC_A/deployments/105/stats.csv"
"4",1,"rotated",515,237.177324712015,9.94651589312096,0.36188454358872,0.0638485673722113,0.821954325202773,0.178045674797227,8.1258119232811e-08,TRUE,497,134.665824666384,29.6714950273795,0.122610432475998,0.0636149677034469,0.938809697193113,0.0611903028068866,0.155533549328296,FALSE,479,41.1487229251286,0.352818371607516,497,0.555516951859367,0.264104845006922,0.523681764290816,0.235343215967223,0,107,"E:/Belize_DISC_2016/DATA/DISC_A/deployments/107/stats.csv"
"6",1,"rotated",593,110.887332595055,3.52048484676416,1.00034817908695,0.0689932704697833,0.552218762506416,0.447781237493584,2.30057502251719e-52,TRUE,587,0.422674585234176,77.4588072143723,0.04318156495383,0.058391248369721,0.978414248358741,0.0215857516412591,0.760705091678012,FALSE,581,43.2600892064227,0.392426850258176,587,0.874414090090414,0.350779294817701,0.859746850133295,0.336960467080884,0,111,"E:/Belize_DISC_2016/DATA/DISC_A/deployments/111/stats.csv"
"8",1,"rotated",676,19.0053382722434,22.597660769562,0.13807570153815,0.0545872784265939,0.931126150219474,0.068873849780526,0.0404908824013389,TRUE,675,236.657152431695,115.031424703222,0.0271137257026041,0.0544406085496612,0.986444382793992,0.0135556172060083,0.883349398778293,FALSE,674,43.8494536061209,0.369436201780415,675,0.673467365428069,0.270663259123112,0.680572872556046,0.283149725314102,0,113,"E:/Belize_DISC_2016/DATA/DISC_A/deployments/113/stats.csv"
"10",1,"rotated",676,76.8890506941312,26.157747698388,0.119247516621459,0.0545378610155577,0.94048197109023,0.0595180289097704,0.0912037250995971,FALSE,675,86.8723367519132,34.5252265985396,0.0903796672756187,0.0545164769946568,0.954856245036981,0.0451437549630189,0.25268236250408,FALSE,674,60.7067688415055,0.531157270029674,675,0.501979283118487,0.342707790881199,0.427075602726703,0.315156078462175,0,117,"E:/Belize_DISC_2016/DATA/DISC_A/deployments/117/stats.csv"
"12",1,"rotated",676,46.7197567999344,10.1228774650197,0.309697711771939,0.0553713217676431,0.846977675905412,0.153022324094588,1.33508297189538e-07,TRUE,675,94.6371243289551,65.8179029978937,0.047391739731097,0.0544560284804842,0.976310780190835,0.0236892198091654,0.684685331567075,FALSE,674,37.6730252985817,0.317507418397626,675,0.511600794977722,0.221263928970807,0.490585677269241,0.182185831330641,0,119,"E:/Belize_DISC_2016/DATA/DISC_A/deployments/119/stats.csv"
"14",1,"rotated",627,213.487600222263,4.92842273522359,0.674678582746665,0.0613047002742174,0.680376791185525,0.319623208814476,1.51997267020601e-28,TRUE,625,196.981894760474,77.3587921326977,0.0419020808698297,0.0565871655140046,0.979053556407915,0.0209464435920847,0.76016410834963,FALSE,623,46.6450309233464,0.396468699839486,625,0.861580613006759,0.317952411845371,0.860894384446061,0.315794048617578,0,121,"E:/Belize_DISC_2016/DATA/DISC_A/deployments/121/stats.csv"
"16",1,"rotated",596,239.487705305991,3.1307532347986,1.13886456964129,0.0720451618434296,0.504058827864548,0.495941172135452,2.16991675495315e-64,TRUE,576,103.689742439847,45.4579322876214,0.0742961748315173,0.0589865533585711,0.962877520803466,0.0371224791965336,0.452135577485183,FALSE,563,56.5673618615434,0.520426287744227,576,0.601704056760803,0.293065927691256,0.563606581682624,0.258216371210921,0,123,"E:/Belize_DISC_2016/DATA/DISC_A/deployments/123/stats.csv"
"18",1,"rotated",627,129.626259222283,0.53718914629411,18.6506872946754,1.0382846707612,0.0271883146016774,0.972811685398323,2.00896429322075e-258,TRUE,625,347.58825487144,43.7020142822997,0.0741900191119827,0.0566269240296083,0.962930489118677,0.0370695108813233,0.423652007353701,FALSE,623,73.7343080634261,0.592295345104334,625,0.22845344781304,0.160155147229094,0.186417111209137,0.121188520960903,0,125,"E:/Belize_DISC_2016/DATA/DISC_A/deployments/125/stats.csv"
"20",1,"rotated",497,224.825928211497,3.93326001556888,0.975547476385403,0.0747782027247912,0.561235905791672,0.438764094208328,2.79868737780538e-42,TRUE,470,176.462484654669,60.0455330212487,0.0622605814989594,0.0652802205330708,0.968884783605141,0.0311152163948593,0.634426622362221,FALSE,445,60.1369072503255,0.557303370786517,470,0.711901831138577,0.334045518238754,0.664783285281945,0.313147705904429,0,126,"E:/Belize_DISC_2016/DATA/DISC_A/deployments/126/stats.csv"
"22",1,"rotated",410,116.867600328564,5.77849243044413,0.713789915830829,0.0765243890132982,0.663879547037062,0.336120452962939,7.64256900511359e-21,TRUE,399,187.763043798713,138.979682629411,0.029189253701112,0.0708105429176805,0.985406927279321,0.0145930727206792,0.918539701666625,FALSE,388,51.7234929820801,0.451030927835052,399,0.414047707316511,0.263398166095609,0.374527786900543,0.233903907567012,0,132,"E:/Belize_DISC_2016/DATA/DISC_A/deployments/132/stats.csv"
"24",1,"rotated",324,13.9720808198733,4.2593558874763,1.13483499307029,0.0975784799974011,0.505408063398069,0.494591936601931,3.79321793895787e-35,TRUE,317,109.817900028699,31.3564024776055,0.145329506138234,0.079744723225579,0.927526410917373,0.0724735890826265,0.189187348441611,FALSE,311,58.0563563338799,0.463022508038585,317,0.31696188318247,0.280983754593843,0.247291076997205,0.210607714988658,0,134,"E:/Belize_DISC_2016/DATA/DISC_A/deployments/134/stats.csv"
"26",1,"rotated",415,42.7645073720128,1.56008925543718,3.79972538508975,0.236012808688279,0.143332967193011,0.856667032806989,5.38856573657551e-133,TRUE,393,133.476427762801,26.4137535579232,0.154974954330537,0.0716589139298765,0.922744218377352,0.0772557816226478,0.0957894115155329,FALSE,373,58.2897742059315,0.458445040214477,393,0.310847654123268,0.22143683340946,0.259031597434299,0.191977606714638,0,137,"E:/Belize_DISC_2016/DATA/DISC_A/deployments/137/stats.csv"
"28",1,"rotated",672,289.984032924596,13.8824436958797,0.225873135451994,0.055076431099656,0.887777507335468,0.112222492664532,0.000211118147209746,TRUE,671,24.2717775667125,208.982001152672,0.0149683375373607,0.0545974025630078,0.99251604082805,0.00748395917195014,0.963114984696555,FALSE,670,44.9188353066246,0.38955223880597,671,0.749085770398739,0.350052083117993,0.719726052587963,0.34144856279819,0,141,"E:/Belize_DISC_2016/DATA/DISC_A/deployments/141/stats.csv"
"30",1,"rotated",880,59.1224967356131,2.84964031839137,1.01615800900214,0.0569217281735503,0.546533849902064,0.453466150097936,2.58172808742243e-79,TRUE,848,30.9971149820411,58.077018805411,0.0479178913729831,0.0485852013445514,0.976047928270888,0.0239520717291124,0.614774911568375,FALSE,818,39.5335885561085,0.336185819070905,848,1.24354340272143,0.439171557065158,1.21388742044098,0.329409143469265,0,142,"E:/Belize_DISC_2016/DATA/DISC_A/deployments/142/stats.csv"
"32",1,"rotated",833,43.2001948836722,3.49415550734511,0.83697223390285,0.0554465682302088,0.613874457391111,0.386125542608889,1.15624820112132e-54,TRUE,808,303.454748347361,27.0584535645961,0.105421767612108,0.0498555378073817,0.947362207314406,0.0526377926855944,0.106591056043664,FALSE,783,62.9047341344013,0.503192848020434,808,0.694167794636153,0.586709202963471,0.492840078612424,0.430809970480259,0,144,"E:/Belize_DISC_2016/DATA/DISC_A/deployments/144/stats.csv"
"34",1,"rotated",878,263.472846322875,0.443419690491093,19.5228316332298,0.919076250397729,0.0259566570250827,0.974043342974917,0,TRUE,859,71.0364682121788,119.565295994368,0.0231233321450817,0.0482571815692476,0.988439106594813,0.0115608934051866,0.891536405586958,FALSE,843,106.869512052293,0.810201660735469,859,0.631302822826713,0.47424473234912,0.536812928461152,0.460157618409158,0,148,"E:/Belize_DISC_2016/DATA/DISC_A/deployments/148/stats.csv"
"36",1,"rotated",571,194.664143819776,13.8099681733786,0.246470783890004,0.0598572414570966,0.877690856191203,0.122309143808797,0.000195121186651268,TRUE,571,36.997263429443,30.2659466386611,0.112125946195644,0.0593225133183021,0.944024946566706,0.0559750534332939,0.167117023488403,FALSE,571,47.0104076516297,0.404553415061296,571,0.786092597979078,0.426512052607555,0.711038745034928,0.387798619609305,0,150,"E:/Belize_DISC_2016/DATA/DISC_A/deployments/150/stats.csv"
"38",1,"rotated",78,211.640710699227,7.08517401213698,1.44192101271032,0.222623798571658,0.416902689107279,0.583097310892721,3.03687232774976e-12,TRUE,60,314.798002961653,36.5019736648495,0.288057154424892,0.185415495426632,0.857444465948042,0.142555534051958,0.295429568524958,FALSE,45,57.0143554392129,0.533333333333333,60,0.429418059893091,0.197325461187531,0.403044915373543,0.15050265843859,0,152,"E:/Belize_DISC_2016/DATA/DISC_A/deployments/152/stats.csv"
"40",1,"rotated",557,188.741702587331,1.68566723531585,2.65597298264418,0.136693554464626,0.218334229827495,0.781665770172505,1.57590102276016e-148,TRUE,539,41.6160133271874,74.0097265500932,0.0471644543261084,0.0609398974738574,0.976424327696213,0.0235756723037869,0.741127322695606,FALSE,524,53.2281380644539,0.471374045801527,539,0.422764011800907,0.22290583759642,0.39870951059812,0.207119774767704,0,154,"E:/Belize_DISC_2016/DATA/DISC_A/deployments/154/stats.csv"
"42",1,"rotated",666,170.049418130557,13.5606427679439,0.232314862307796,0.0553543042451015,0.884619107716013,0.115380892283987,0.000141064728911856,TRUE,661,130.965887477108,58.6748049836481,0.0537234090848237,0.0550363002324527,0.973147981841375,0.0268520181586248,0.620889959796595,FALSE,656,40.9395074474082,0.371951219512195,661,0.817154251790408,0.342446064752591,0.781135076682439,0.311411857394811,0,156,"E:/Belize_DISC_2016/DATA/DISC_A/deployments/156/stats.csv"
"44",1,"rotated",643,68.3206169650117,14.99171708152,0.213754420494091,0.0562490072736348,0.893728532500499,0.106271467499501,0.000701843053608832,TRUE,621,217.084686264977,62.4919838128459,0.0520404457471825,0.0567792529013432,0.973988581671133,0.0260114183288667,0.656938546343236,FALSE,601,41.4570538250672,0.369384359400998,621,1.11610122221501,0.43036334409849,1.07197186848417,0.404198853701168,0,158,"E:/Belize_DISC_2016/DATA/DISC_A/deployments/158/stats.csv"
"46",1,"rotated",668,270.748546414416,49.5546237338753,0.0632810776498743,0.0547586503753298,0.968375288645858,0.0316247113541419,0.512691108942887,FALSE,664,183.531728131777,217.453995669664,0.0144607851732833,0.0548842818661499,0.992769796404089,0.00723020359591121,0.965884361583015,FALSE,660,51.9994311384814,0.457575757575758,664,0.682333612008734,0.303752985998032,0.654547542879872,0.294744662731148,0,160,"E:/Belize_DISC_2016/DATA/DISC_A/deployments/160/stats.csv"
"48",1,"rotated",669,76.0637086899514,8.88047151209775,0.355528993374205,0.0559730382004094,0.824984329236338,0.175015670763662,1.26045323089874e-09,TRUE,664,356.738420532497,54.0989858689099,0.0581374766503276,0.0549169116044125,0.970943536172566,0.0290564638274341,0.570866069081039,FALSE,660,36.7140769635257,0.307575757575758,664,0.848908689158319,0.331166224377353,0.838616516513259,0.361678702449443,0,162,"E:/Belize_DISC_2016/DATA/DISC_A/deployments/162/stats.csv"
"50",1,"rotated",623,274.135730027774,4.60538982723422,0.727352112167387,0.0622875767121407,0.658227838439093,0.341772161560907,2.48732512329467e-32,TRUE,616,59.5627697355779,41.9162077581217,0.0779165964152728,0.0570451509250329,0.961071236314728,0.0389287636852716,0.393168752535883,FALSE,609,36.448952573642,0.264367816091954,616,0.83537337851781,0.54351819609963,0.757408453807635,0.532627126563913,0,164,"E:/Belize_DISC_2016/DATA/DISC_A/deployments/164/stats.csv"
"52",1,"rotated",672,61.0280360361296,22.7073160529148,0.137816659127582,0.0547487683853381,0.931254752071068,0.0687452479289322,0.0417602259889938,TRUE,669,267.240750717837,185.340228889033,0.0169029548433724,0.054679584245672,0.991548824397768,0.00845117560223194,0.953342007691182,FALSE,666,42.2390105283647,0.361861861861862,669,0.460549521434302,0.19717492851969,0.453836296705131,0.202660367677946,0,166,"E:/Belize_DISC_2016/DATA/DISC_A/deployments/166/stats.csv"
"54",1,"rotated",602,298.68451162171,11.5446014046557,0.287531464812855,0.0585327771184963,0.85769933686968,0.14230066313032,5.08006656124722e-06,TRUE,595,182.929763138891,42.5467117364698,0.0781049622108177,0.058043420464935,0.96097726799101,0.0390227320089902,0.40411721781414,FALSE,588,40.5699308925653,0.358843537414966,595,0.707587763208952,0.307117602872375,0.682856067126333,0.259395874051713,0,169,"E:/Belize_DISC_2016/DATA/DISC_A/deployments/169/stats.csv"
"56",1,"rotated",505,280.585966757967,11.4865381629328,0.315851447621399,0.0641092298255183,0.844010580587056,0.155989419412944,4.60663464609262e-06,TRUE,485,74.7327864244429,30.410318081923,0.121099751880594,0.0643927149351496,0.939560848906707,0.0604391510932929,0.170051809318356,FALSE,466,45.0906745441041,0.324034334763948,485,0.875109180207101,0.690039837212525,0.707225874352214,0.743286237654687,0,170,"E:/Belize_DISC_2016/DATA/DISC_A/deployments/170/stats.csv"
"58",1,"rotated",478,284.887020655271,4.37799766167251,0.885853705018597,0.0742194740425601,0.594868141948051,0.405131858051949,8.46099808381012e-35,TRUE,395,253.12209348633,371.077133976214,0.010986975733609,0.0711584172465657,0.994506595023889,0.00549340497611059,0.988150651284177,FALSE,336,59.5078577253857,0.529761904761905,395,0.780865271642953,0.395191584138777,0.741913122178619,0.36123965367438,0,172,"E:/Belize_DISC_2016/DATA/DISC_A/deployments/172/stats.csv"
"60",1,"rotated",650,150.650035684533,1.64282007150248,2.4603116135047,0.117034035269964,0.238623904834373,0.761376095165627,2.2776457933486e-164,TRUE,641,145.069712966485,31.1070688967888,0.102952502123678,0.0559690911496582,0.948591829301468,0.0514081706985318,0.183776522836347,FALSE,633,46.2298238391022,0.37914691943128,641,0.637067664352728,0.428156758673226,0.546655254958732,0.341424753587107,0,174,"E:/Belize_DISC_2016/DATA/DISC_A/deployments/174/stats.csv"
"62",1,"rotated",378,57.5975058610843,4.24647205198933,1.04342771351271,0.087618653662207,0.536843292331248,0.463156707668752,6.09043795695758e-36,TRUE,372,338.163657063569,10.6070368052139,0.399985041322089,0.0755242365399159,0.803898909486292,0.196101090513708,6.12634562580627e-07,TRUE,366,68.8957343319901,0.568306010928962,372,0.223050100322482,0.219425354037015,0.143804468478053,0.129963426759152,0,176,"E:/Belize_DISC_2016/DATA/DISC_A/deployments/176/stats.csv"
"64",1,"rotated",604,159.719167076764,3.5977135498697,0.966586170971731,0.0676437373963096,0.564524035168593,0.435475964831407,1.79877849097338e-50,TRUE,601,358.678432249048,62.7769509883683,0.0526593413425783,0.0577169684308923,0.973679451651867,0.0263205483481331,0.659445775733153,FALSE,598,49.6187549353762,0.438127090301003,601,0.54380366318929,0.234251790252987,0.528647817959054,0.235217237620536,0,180,"E:/Belize_DISC_2016/DATA/DISC_A/deployments/180/stats.csv"
"66",1,"rotated",630,190.04524391143,7.12961107628694,0.458658755986984,0.0585675081040485,0.776486255369378,0.223513744630622,2.14342080002737e-14,TRUE,630,130.128120555718,25.1003694640017,0.12874678356605,0.0565187401418126,0.935759618532568,0.0642403814674319,0.0742809491199891,FALSE,630,49.8662593020843,0.447619047619048,630,0.642226728438655,0.342902857571506,0.584027131572974,0.290277182457452,0,181,"E:/Belize_DISC_2016/DATA/DISC_A/deployments/181/stats.csv"
"68",1,"rotated",624,159.063195301269,4.82302708180806,0.692009521996719,0.0617038906383187,0.673030389646909,0.326969610353091,1.06574385834151e-29,TRUE,616,138.716574368756,30.1242510236075,0.108455080257444,0.0571059616283902,0.945852034800394,0.0541479651996062,0.164291446537942,FALSE,608,35.3971408148446,0.271381578947368,616,0.639021380144048,0.295867758018874,0.606366113290248,0.305141344027491,0,183,"E:/Belize_DISC_2016/DATA/DISC_A/deployments/183/stats.csv"
"70",1,"rotated",607,25.5886398221478,4.43109597547837,0.768500397468451,0.0637672781488376,0.641300207349565,0.358699792650435,1.20672445219967e-34,TRUE,607,24.3452092426602,125.084695201626,0.0262940736511031,0.0574085989200281,0.986854099240525,0.0131459007594752,0.900415885839109,FALSE,607,49.4232094607698,0.436573311367381,607,0.668114408493448,0.298697966597156,0.650443251630946,0.302314212951633,0,189,"E:/Belize_DISC_2016/DATA/DISC_A/deployments/189/stats.csv"
"72",1,"rotated",437,140.797867506088,11.6759466994072,0.334274291098465,0.0690688966316521,0.835153380243847,0.164846619756153,6.96079883070175e-06,TRUE,437,246.895357355968,35.0764412424913,0.110589253947705,0.0678061477074978,0.944789732010437,0.0552102679895628,0.263935135951829,FALSE,437,41.412695201766,0.368421052631579,437,0.756662179626148,0.35580402440503,0.71780707962931,0.333140754230944,0,193,"E:/Belize_DISC_2016/DATA/DISC_A/deployments/193/stats.csv"
"74",1,"rotated",436,306.169769854372,4.00807410768269,1.0276237697619,0.0811662376646236,0.542441670964192,0.457558329035808,2.27642777925438e-40,TRUE,435,247.468738641209,42.1869638868377,0.0921393120053224,0.0679142883519684,0.953979164172655,0.0460208358273454,0.39800367556291,FALSE,434,44.5914197062353,0.387096774193548,435,0.620253335898768,0.290723972248224,0.609858807924439,0.301662534472734,0,195,"E:/Belize_DISC_2016/DATA/DISC_A/deployments/195/stats.csv"
"76",1,"rotated",311,7.25330090115231,4.398239825478,1.11987598814469,0.0990889117703446,0.510443539172394,0.489556460827606,4.26025388391969e-33,TRUE,298,270.347277517538,103.906011334189,0.0451797910602795,0.0819545465352876,0.977415866358509,0.0225841336414905,0.858994429816706,FALSE,286,70.4481125903333,0.583916083916084,298,0.47085416489147,0.469815006078598,0.38318114232398,0.236334723394619,0,199,"E:/Belize_DISC_2016/DATA/DISC_A/deployments/199/stats.csv"
"78",1,"rotated",408,330.511403015313,4.87390169008951,0.859120423187564,0.0797203673656896,0.605203420221676,0.394796579778324,2.41025397732241e-28,TRUE,408,206.465813938034,92.0412890237379,0.0435889511080727,0.0700389468109477,0.978210698985297,0.0217893010147031,0.823898740313213,FALSE,408,51.5616874715481,0.419117647058824,408,0.423850689104975,0.3399620669651,0.341673510622713,0.316859014337297,0,201,"E:/Belize_DISC_2016/DATA/DISC_A/deployments/201/stats.csv"
"80",1,"rotated",360,77.7945597031925,10.3797026462406,0.415826467090832,0.0769534547785257,0.79644921541424,0.20355078458576,3.32757484862503e-07,TRUE,340,229.798984936601,30.1112596240254,0.146132765736729,0.0770036159291964,0.927127960804625,0.0728720391953751,0.164390005367883,FALSE,323,51.4693690156716,0.479876160990712,340,0.757517325233812,0.338279493487805,0.727502612093434,0.322620011004247,0,204,"E:/Belize_DISC_2016/DATA/DISC_A/deployments/204/stats.csv"
"82",1,"rotated",405,62.7142471204535,2.24721409907051,2.20331863355735,0.133439559498039,0.270546129734198,0.729453870265802,2.56332298789242e-94,TRUE,400,308.284626516482,21.6072771762209,0.187915487724218,0.0711789130933476,0.906454537493924,0.0935454625060757,0.0301882826325265,TRUE,396,49.9945331382213,0.441919191919192,400,0.620558176129708,0.320083679484848,0.596199603922442,0.329281781674601,0,206,"E:/Belize_DISC_2016/DATA/DISC_A/deployments/206/stats.csv"
"84",1,"rotated",357,244.141006060637,3.12113091824654,1.55119559072051,0.108628044651674,0.389826593568369,0.610173406431631,1.8864546511314e-58,TRUE,339,225.169699406921,79.6599759779602,0.0552561292687902,0.0768535098431558,0.972382474386205,0.0276175256137949,0.772159072726562,FALSE,324,70.94815705912,0.617283950617284,339,0.635129368280925,0.445896409165704,0.565355165896432,0.438157763212301,0,208,"E:/Belize_DISC_2016/DATA/DISC_A/deployments/208/stats.csv"
"86",1,"rotated",388,112.438157578093,7.90156636599675,0.529547999131262,0.0755739937548368,0.74406569439292,0.25593430560708,9.17151079453069e-12,TRUE,380,150.869687317023,46.3752812043817,0.0896762369418538,0.072657018457988,0.955206893610051,0.0447931063899491,0.466526476618952,FALSE,372,44.8503293367458,0.387096774193548,380,0.66221241125934,0.482162231564336,0.562920961929007,0.309824962266019,0,210,"E:/Belize_DISC_2016/DATA/DISC_A/deployments/210/stats.csv"
"88",1,"rotated",232,261.258693665199,2.05318901123236,3.9042194954336,0.325643734748007,0.139083994137384,0.860916005862616,2.09795766630588e-75,TRUE,221,353.719688720744,45.4600046605285,0.120005827268668,0.0953871883482827,0.940104842384617,0.0598951576153828,0.452565846557096,FALSE,211,59.9775419402485,0.497630331753554,221,0.557959521837849,0.317825427801338,0.515712846720301,0.257963445572309,0,215,"E:/Belize_DISC_2016/DATA/DISC_A/deployments/215/stats.csv"
"90",1,"rotated",347,216.031116105375,4.24744401866443,1.09481997889751,0.0930165984485399,0.518972724906063,0.481027275093937,1.34865282720948e-35,TRUE,326,83.5241570005113,101.434548365416,0.0442482463909307,0.0783547992820999,0.977881289660029,0.0221187103399715,0.852577320711305,FALSE,309,43.3273521006379,0.362459546925566,326,0.470938906956991,0.249836066185296,0.458093446799807,0.234354512745291,0,217,"E:/Belize_DISC_2016/DATA/DISC_A/deployments/217/stats.csv"
"92",1,"rotated",80,183.524420968097,1.49713991299704,18.8145914551225,2.93267521292916,0.0269480007562322,0.973051999243768,1.26984216119101e-33,TRUE,71,158.876214693958,29.1782043757767,0.331821652862025,0.171302479331687,0.836330283641764,0.163669716358236,0.149279916721987,FALSE,65,72.2571841500878,0.584615384615385,71,0.340889256606059,0.243086891618935,0.306774338380707,0.208625689390584,0,223,"E:/Belize_DISC_2016/DATA/DISC_A/deployments/223/stats.csv"
"94",1,"rotated",410,183.258970135995,0.649090634398682,19.5110139944291,1.34412613396036,0.0259725994528137,0.974027400547186,1.17097430213368e-169,TRUE,409,78.2198858751164,47.2033196897291,0.0849178556973785,0.0700229105543026,0.957579297754231,0.0424207022457694,0.479025218169815,FALSE,408,84.8058225212319,0.696078431372549,409,0.208422173451698,0.14328901432559,0.183643209870182,0.128762390952937,0,227,"E:/Belize_DISC_2016/DATA/DISC_A/deployments/227/stats.csv"
"96",1,"rotated",397,238.067026427007,5.59838139504727,0.751015551358073,0.0784946667721916,0.648452547024367,0.351547452975633,4.9203723251675e-22,TRUE,395,159.470326471405,127.113466292683,0.0320756483851358,0.0711705335235046,0.983964238012563,0.0160357619874365,0.903415646180739,FALSE,393,41.5817570919171,0.32824427480916,395,0.573331752926512,0.298851703448531,0.543439682599765,0.261402138997922,0,229,"E:/Belize_DISC_2016/DATA/DISC_A/deployments/229/stats.csv"
"98",1,"rotated",370,172.41050922717,13.6031246205471,0.311534498788436,0.0748598064640654,0.846091608888102,0.153908391111898,0.000156182813375041,TRUE,368,272.712887097177,161.043746915432,0.0262294103322127,0.0737304878570578,0.986886422539642,0.0131135774603581,0.938677361980708,FALSE,366,68.9203316661231,0.64207650273224,368,0.649141761643664,0.330505690060746,0.611030661189073,0.34382893036699,0,234,"E:/Belize_DISC_2016/DATA/DISC_A/deployments/234/stats.csv"
"100",1,"rotated",372,184.970711625937,3.80294494685699,1.19416717104936,0.0929685274604039,0.485846631197896,0.514153368802104,1.95734226289305e-43,TRUE,372,144.979086776526,45.2154459501417,0.0929637665065336,0.0734423763225046,0.953568257919542,0.0464317420804582,0.448432422988495,FALSE,372,52.5035703969466,0.510752688172043,372,0.440772682178698,0.286759929061765,0.391715031838619,0.178357554908986,0,240,"E:/Belize_DISC_2016/DATA/DISC_A/deployments/240/stats.csv"
"102",1,"rotated",390,101.480868016744,13.0986103444349,0.315172856375066,0.0729456994670572,0.844337564944175,0.155662435055825,7.86888147241909e-05,TRUE,360,218.455848850805,21.4206666730685,0.199863349084193,0.0750939286814662,0.900563964106865,0.0994360358931354,0.028452789207404,TRUE,334,70.0691320249017,0.601796407185629,360,0.511919011239481,0.309883155097585,0.455214558344888,0.268947310645963,0,246,"E:/Belize_DISC_2016/DATA/DISC_A/deployments/246/stats.csv"
"104",1,"rotated",562,222.958500030285,10.7200538814834,0.320876298541071,0.060807049504082,0.841590925903879,0.158409074096121,7.50511897775546e-07,TRUE,542,217.311704700334,26.7327588992041,0.130333022856128,0.0609391605649941,0.934971466498878,0.0650285335011224,0.101068081823952,FALSE,522,52.0985925746916,0.442528735632184,542,0.450435981695953,0.257871106068048,0.404830800629931,0.20735657407047,0,254,"E:/Belize_DISC_2016/DATA/DISC_A/deployments/254/stats.csv"
"106",1,"rotated",649,262.105218281379,3.69554564172582,0.90203233908419,0.0639975089682299,0.588682888140759,0.411317111859241,2.06497475235277e-48,TRUE,647,215.946311287415,8.78082755862077,0.365790235966044,0.056993935150803,0.820094801954566,0.179905198045434,8.04560827245086e-10,TRUE,645,91.8202747706838,0.713178294573643,647,0.168275911611264,0.259840359077482,0.0745820095099214,0.082931465474557,0,258,"E:/Belize_DISC_2016/DATA/DISC_A/deployments/258/stats.csv"
"108",1,"rotated",403,117.913542119598,5.65971897432136,0.736430689276426,0.0776208819028478,0.654464563257728,0.345535436742272,1.26897250378315e-21,TRUE,370,333.705600626849,18.430298663749,0.229310487773271,0.0742464667228059,0.886091731670059,0.113908268329941,0.00822329227726359,TRUE,339,34.1685321870839,0.277286135693215,370,0.930115827757701,0.365787265488055,0.896448198582517,0.406585084833461,0,268,"E:/Belize_DISC_2016/DATA/DISC_A/deployments/268/stats.csv"
"110",1,"rotated",63,240.032695183107,2.57596678879045,8.36997217367642,1.43865873917109,0.0617624550969886,0.938237544903011,8.21841043734601e-25,TRUE,62,165.744044702813,238.675357159754,0.0431205870366715,0.179667919069946,0.978444716039241,0.0215552839607595,0.97160389157974,FALSE,61,93.9605244427155,0.836065573770492,62,0.0817958172122564,0.106550571376739,0.0543032957702073,0.0417315909095772,0,270,"E:/Belize_DISC_2016/DATA/DISC_A/deployments/270/stats.csv"
"112",1,"rotated",671,166.512021509796,2.06762653335513,1.75313503779086,0.0859923344392981,0.345739099264669,0.654260900735331,1.81606254969361e-125,TRUE,667,94.2699499938673,12.2091647355136,0.258037980084563,0.0554423505006568,0.872042826430861,0.127957173569139,1.80779693390804e-05,TRUE,663,80.3997560531385,0.654600301659125,667,0.323664930858679,0.405242186273803,0.159703242261189,0.174808897460416,0,281,"E:/Belize_DISC_2016/DATA/DISC_A/deployments/281/stats.csv"
"114",1,"rotated",657,355.510284331953,3.46125786552982,0.962965259726906,0.0647855014798816,0.565857159309663,0.434142840690337,1.66234789740654e-54,TRUE,651,167.01020746023,34.4769504493065,0.0921613092261245,0.0555156741573319,0.953968200503274,0.0460317994967264,0.251724210447178,FALSE,645,71.4120343994232,0.575193798449612,651,0.572404111827368,0.529645337347886,0.400332491506351,0.417081357526035,0,285,"E:/Belize_DISC_2016/DATA/DISC_A/deployments/285/stats.csv"
"116",1,"rotated",550,69.9896486024645,1.33835091097791,3.88035251681633,0.210014094326563,0.140031631418633,0.859968368581367,2.24225987860533e-177,TRUE,522,108.241924667438,55.7530903457603,0.063627267931419,0.0619454326204502,0.968202454571642,0.0317975454283581,0.589909706673737,FALSE,496,72.9825027877848,0.608870967741935,522,0.379166993344301,0.353122135128492,0.267732374700136,0.181979760812219,0,287,"E:/Belize_DISC_2016/DATA/DISC_A/deployments/287/stats.csv"
"118",1,"rotated",673,48.5853601116337,5.58247193373515,0.570628979753245,0.057845413063399,0.725657110729226,0.274342889270774,1.00419475805748e-22,TRUE,672,261.858752391314,34.7983657298047,0.0898696781914097,0.0546370896962905,0.95511046463859,0.0448895353614096,0.258172503648124,FALSE,671,58.8653983877429,0.499254843517139,672,0.492394685157641,0.317467701110359,0.458421638559544,0.334151170055443,0,291,"E:/Belize_DISC_2016/DATA/DISC_A/deployments/291/stats.csv"
"120",1,"rotated",157,177.437276299344,3.36592626063388,2.43548698006664,0.235749933795212,0.241427703924885,0.758572296075115,5.81587335810178e-40,TRUE,144,75.2602905884768,100.102152852936,0.0674740043435394,0.117951734104283,0.966282182731873,0.0337178172681266,0.848986212080054,FALSE,133,89.5090190931902,0.706766917293233,144,0.341333317736669,0.192424654771998,0.305581663641794,0.174067001515594,0,295,"E:/Belize_DISC_2016/DATA/DISC_A/deployments/295/stats.csv"
"122",1,"rotated",289,47.7495756744526,21.4251060336453,0.223156980211871,0.0839659270604309,0.889110275627729,0.110889724372271,0.028618627822133,TRUE,255,333.118098791577,26.0669022296251,0.195122550277094,0.0891937803702114,0.902900069708294,0.0970999302917057,0.090334024277011,FALSE,225,45.5262250362038,0.422222222222222,255,0.78502070490591,0.358971585481308,0.787505063403576,0.390177225589295,0,299,"E:/Belize_DISC_2016/DATA/DISC_A/deployments/299/stats.csv"
"124",1,"rotated",319,190.884949989356,6.90309365795802,0.675338661524398,0.0859605524272009,0.680095943420246,0.319904056579754,6.63767178457488e-15,TRUE,289,55.9761390675185,45.1676270303726,0.105599963667637,0.0833629779486052,0.947273480092174,0.0527265199078258,0.447783767211902,FALSE,263,45.4344099903306,0.429657794676806,289,0.671388214882752,0.257442937537165,0.650026145507199,0.255627445747741,0,301,"E:/Belize_DISC_2016/DATA/DISC_A/deployments/301/stats.csv"
"126",1,"rotated",276,311.900479898895,7.46648059091444,0.671037394171523,0.0923218358250485,0.681927514764632,0.318072485235368,7.4682222870836e-13,TRUE,242,205.286199984931,290.320323345135,0.0179416031197172,0.0909145778661747,0.991029559384661,0.00897044061533865,0.980714932069662,FALSE,221,62.0095247929046,0.506787330316742,242,0.432385507905728,0.289729967352941,0.385986649775199,0.202175592313194,0,303,"E:/Belize_DISC_2016/DATA/DISC_A/deployments/303/stats.csv"
"128",1,"rotated",436,195.790975078886,6.77772864177799,0.584475381282968,0.0720710909933593,0.719518338062465,0.280481661937535,1.26956289621221e-15,TRUE,419,302.063697027441,15.8472499242815,0.250768234735002,0.0699036451401874,0.875591075065224,0.124408924934776,0.00152599858583214,TRUE,405,65.0437805033294,0.580246913580247,419,0.460615944818715,0.315281317330408,0.384516892837991,0.265645213570772,0,305,"E:/Belize_DISC_2016/DATA/DISC_A/deployments/305/stats.csv"
"130",1,"rotated",476,319.323597316285,4.20936089755113,0.926945183645112,0.0752830657923877,0.579260876671891,0.420739123328109,2.54328697456861e-37,TRUE,467,188.845137435221,149.556628515871,0.0250720927221503,0.0654497123954791,0.987464938570968,0.0125350614290318,0.929248888186449,FALSE,460,80.3923396576741,0.66304347826087,467,0.273113434027102,0.20596453477778,0.22341342031332,0.157260749225451,0,309,"E:/Belize_DISC_2016/DATA/DISC_A/deployments/309/stats.csv"
"132",1,"rotated",644,112.224120040586,2.2799749233404,1.58859894030943,0.0820967545753044,0.381096515156589,0.618903484843411,7.39237361567541e-108,TRUE,641,324.482167367779,24.1604322994275,0.132611253183966,0.0560422708593308,0.93383969953016,0.0661603004698396,0.0604598473378773,FALSE,638,70.8556391516446,0.570532915360502,641,0.602972213610006,0.477066968708961,0.472870659559635,0.422570431641721,0,313,"E:/Belize_DISC_2016/DATA/DISC_A/deployments/313/stats.csv"
"134",1,"rotated",43,69.4642969281448,12.3052276690787,1.07072532598761,0.262120739554799,0.527287720319331,0.472712279680669,4.12849679786151e-05,TRUE,34,249.354191580631,24.6235050584446,0.575768897729146,0.257626041984683,0.723374401962401,0.276625598037599,0.0732698888716946,FALSE,25,60.1376609799182,0.52,34,0.441563895538809,0.26820857280612,0.355612857633382,0.20099506546861,0,318,"E:/Belize_DISC_2016/DATA/DISC_A/deployments/318/stats.csv"
"136",1,"rotated",239,104.388188533442,6.18700889493697,0.886543935008889,0.104983227655553,0.594603189747275,0.405396810252725,8.73816789342658e-18,TRUE,226,315.235136316715,24.7299997659741,0.21859989688136,0.09491509640991,0.891347698625835,0.108652301374165,0.0693906666918285,FALSE,214,48.7743812125928,0.401869158878505,226,0.563059743901028,0.498664197944436,0.500721160660092,0.317005442648118,0,324,"E:/Belize_DISC_2016/DATA/DISC_A/deployments/324/stats.csv"
"138",1,"rotated",146,116.350298501352,3.74770735997174,2.19924813176183,0.221872322538344,0.271107381658957,0.728892618341043,2.05518033278176e-34,TRUE,127,286.950349309322,17.4148640134807,0.417309926792653,0.129591072639951,0.795753384678897,0.204246615321103,0.00500149533876889,TRUE,112,78.6973498698778,0.651785714285714,127,0.262869740820711,0.232570572451092,0.193526902912197,0.137966899601076,0,328,"E:/Belize_DISC_2016/DATA/DISC_A/deployments/328/stats.csv"
"140",1,"rotated",15,137.381368079713,15.2136164127918,1.55283452861049,0.530290570915843,0.370762272474581,0.629237727525419,0.00159867101944776,TRUE,12,113.280764616856,92.0505834560082,0.255138202083831,0.413232221113318,0.732499151711913,0.267500848288087,0.432714270202991,FALSE,10,64.8415576239573,0.6,12,0.733474603962764,0.824429600997161,0.508311343750305,0.472487420620593,0,330,"E:/Belize_DISC_2016/DATA/DISC_A/deployments/330/stats.csv"
"142",1,"rotated",172,212.742170811391,5.59474061231349,1.1936810991565,0.136700012868652,0.486004251353822,0.513995748646178,1.84179670289444e-20,TRUE,122,152.352529763932,36.1331915358254,0.203550036825239,0.129031689764913,0.898748425176378,0.101251574823622,0.286295858860178,FALSE,81,97.865445143569,0.790123456790123,122,0.398505556746395,0.313045405415143,0.312924498306382,0.298048186406056,0,332,"E:/Belize_DISC_2016/DATA/DISC_A/deployments/332/stats.csv"
"144",1,"rotated",83,110.257269086767,4.35825294940799,2.66380568468502,0.355199993974617,0.217584077235476,0.782415922764524,8.57592633514655e-23,TRUE,75,174.319266914149,82.54744599395,0.113436329714082,0.163693328019028,0.943372868939032,0.0566271310609681,0.786236691300388,FALSE,69,70.1362701251904,0.521739130434783,75,Inf,NA,0.272606224893477,0.19147977594266,0,334,"E:/Belize_DISC_2016/DATA/DISC_A/deployments/334/stats.csv"
"146",1,"rotated",358,19.7836592744647,1.40505555590085,5.17640490930625,0.360695952624928,0.102368120322831,0.897631879677169,5.31073790882157e-126,TRUE,334,138.594781876964,37.6439753733913,0.117881473837112,0.0775839531733001,0.94116140593658,0.0588385940634201,0.31464779697157,FALSE,315,99.0022469715265,0.784126984126984,334,0.200869316736262,0.302465208894532,0.0811177247820178,0.0590155610372123,0,344,"E:/Belize_DISC_2016/DATA/DISC_A/deployments/344/stats.csv"
"148",1,"rotated",720,247.701232756324,2.07772087242384,1.66498002270794,0.0800757604758385,0.364081701614791,0.635918298385209,3.54666459462602e-127,TRUE,714,307.000867494979,77.8316914185422,0.0389648725539013,0.0529406790272567,0.980521260215874,0.0194787397841261,0.762687567372462,FALSE,708,62.5549208825674,0.594632768361582,714,0.41658699084577,0.264737987129441,0.377360051575163,0.223789604986134,0,352,"E:/Belize_DISC_2016/DATA/DISC_A/deployments/352/stats.csv"
"150",1,"rotated",57,170.28464322403,6.38888130915141,2.01503020750055,0.328900976154116,0.298595070775104,0.701404929224896,6.62851202695945e-13,TRUE,52,231.296533310669,44.1364184273881,0.25562335772687,0.19851945393354,0.873220826086876,0.126779173913124,0.433530180445147,FALSE,47,72.6972147915395,0.574468085106383,52,0.715390286718394,0.897193521526645,0.260834905100851,0.353073669192436,0,356,"E:/Belize_DISC_2016/DATA/DISC_A/deployments/356/stats.csv"
"152",1,"rotated",382,185.170632516898,1.7773023151878,3.28227171228557,0.208096705018919,0.170051649847877,0.829948350152123,5.31342627546907e-115,TRUE,365,308.996087723876,18.1437459265151,0.234557376564888,0.0747870670961768,0.883520413598744,0.116479586401256,0.0070682996678456,TRUE,350,57.6351255410753,0.508571428571429,365,0.359774985093447,0.226153663230341,0.320101224109528,0.195006543840536,0,358,"E:/Belize_DISC_2016/DATA/DISC_A/deployments/358/stats.csv"
"154",1,"rotated",157,62.0555708076087,18.287167123807,0.3564054593322,0.11555580978568,0.82456617581381,0.17543382418619,0.00797061848971041,TRUE,143,65.0596607061755,20.6714457551692,0.330005895205481,0.120678207278814,0.837202031022003,0.162797968977997,0.0225966287410575,TRUE,133,58.0125249530718,0.488721804511278,143,0.50838175997474,0.378541349043393,0.438417403694209,0.280961199144192,0,360,"E:/Belize_DISC_2016/DATA/DISC_A/deployments/360/stats.csv"
"156",1,"rotated",232,287.26448069306,12.7360772772659,0.422289650948676,0.0959539529895507,0.793419872672463,0.206580127327537,5.01405262565938e-05,TRUE,216,143.704447618971,329.867435160199,0.0167139421027675,0.0962300850629924,0.991643320756134,0.00835667924386615,0.985029033111108,FALSE,201,54.1793711666947,0.482587064676617,216,0.600270574168794,0.367059857393173,0.547214700725689,0.244036824759944,0,362,"E:/Belize_DISC_2016/DATA/DISC_A/deployments/362/stats.csv"
"158",1,"rotated",992,102.640808509789,1.19695621707412,2.88365629228911,0.11181885856024,0.198230113897185,0.801769886102815,1.13178960377856e-277,TRUE,992,122.33048897318,60.0080018374614,0.0428768152466616,0.0449168032715209,0.978566517469908,0.0214334825300917,0.633991951144736,FALSE,992,91.3363788950564,0.747983870967742,992,0.503696089177241,0.387636699551444,0.427246425633904,0.30437108727508,0,45,"E:/Belize_DISC_2016/DATA/DISC_A/deployments/45/stats.csv"
"160",1,"rotated",986,51.3683180943646,6.90734519476522,0.376866120056917,0.0462376565622005,0.814832082869727,0.185167917130273,2.07848459071823e-15,TRUE,986,339.39300883922,45.0055649355053,0.0573485174617603,0.0450655081899987,0.971337522980665,0.0286624770193351,0.444842023756123,FALSE,986,69.861310070342,0.599391480730223,986,0.392408624219611,0.26406469989228,0.338304793962401,0.227304228964831,0,47,"E:/Belize_DISC_2016/DATA/DISC_A/deployments/47/stats.csv"
"162",1,"rotated",437,20.6020329506791,5.97763704195853,0.66584752069165,0.073281751762045,0.684142135092109,0.315857864907891,1.16333557761205e-19,TRUE,401,324.843940781673,25.1534438202914,0.161127917159991,0.0709662698014422,0.919696358893849,0.0803036411061506,0.0753268537129601,FALSE,368,49.7237712643547,0.456521739130435,401,0.842800730634266,0.403379414105205,0.791929150068695,0.43343057651809,0,79,"E:/Belize_DISC_2016/DATA/DISC_A/deployments/79/stats.csv"
"164",1,"rotated",575,119.510254605629,1.51291565838226,3.06238811049573,0.15691411648059,0.184627035130103,0.815372964869897,9.51333236494668e-167,TRUE,556,220.835221380737,55.0583853020737,0.0624284435173102,0.060019842198898,0.968800974798714,0.0311990252012864,0.582050060426132,FALSE,538,56.7684141717373,0.488847583643123,556,0.454086245261338,0.274895263840414,0.400944746451429,0.229799566181687,0,81,"E:/Belize_DISC_2016/DATA/DISC_A/deployments/81/stats.csv"
"166",1,"rotated",596,118.656366586467,1.22569806399214,4.2088615091995,0.221432581420572,0.128044309199494,0.871955690800506,1.59433097219513e-197,TRUE,589,241.348326901409,10.216746815604,0.328982188355844,0.0594545842013694,0.837693682776743,0.162306317223257,1.82552575655417e-07,TRUE,583,70.5629112769518,0.598627787307033,589,0.320413910411961,0.219749794061936,0.268661300844905,0.161031366858509,0,87,"E:/Belize_DISC_2016/DATA/DISC_A/deployments/87/stats.csv"
"168",1,"rotated",627,351.685264406681,1.80143607363717,2.21134018775847,0.10760226943208,0.269445582600375,0.730554417399625,4.67115364680483e-146,TRUE,616,125.106557933773,87.4022520030588,0.0373561855643451,0.0569951973860265,0.981325164583773,0.0186748354162272,0.806678823354356,FALSE,606,48.8868614149954,0.389438943894389,616,0.540681707225203,0.433911102130274,0.446905142134815,0.33077662395613,0,89,"E:/Belize_DISC_2016/DATA/DISC_A/deployments/89/stats.csv"
"170",1,"rotated",527,83.4055246654067,3.00949533497853,1.28064912840934,0.0805831256111384,0.461385665833516,0.538614334166484,4.00544593791506e-67,TRUE,497,247.06744692598,55.8757131042195,0.0650655670153001,0.063486503466388,0.967484420394819,0.0325155796051812,0.591283506730216,FALSE,475,52.3666383342424,0.490526315789474,497,0.659077001466384,0.335756230273248,0.637960414617769,0.339154465906761,0,93,"E:/Belize_DISC_2016/DATA/DISC_A/deployments/93/stats.csv"
"21",1,"rotated",1067,298.430506565452,2.6183811110229,1.00295845022326,0.051476745044256,0.551276770223213,0.448723229776787,4.95224904075328e-94,TRUE,1065,62.8574421457509,62.2416038955202,0.0398956225945397,0.0433480718552511,0.980056156418116,0.0199438435818836,0.654678440051699,FALSE,1063,48.3732550765951,0.393226716839135,1065,0.457671643763283,0.269775376894936,0.423827954760084,0.223582988885037,0,100,"E:/Belize_DISC_2016/DATA/DISC_B/deployments/100/stats.csv"
"41",1,"rotated",1070,149.257587666519,7.70203019961435,0.323708542946019,0.0440835050533121,0.840228352093959,0.159771647906041,1.37321276462959e-12,TRUE,1069,72.601843563269,112.726953499057,0.0219853876106724,0.0432579070780986,0.989007970315961,0.0109920296840389,0.878831915478622,FALSE,1068,40.9886029467555,0.325842696629214,1069,0.548697829145256,0.280141945278562,0.514979587905937,0.249818423539475,0,116,"E:/Belize_DISC_2016/DATA/DISC_B/deployments/116/stats.csv"
"61",1,"rotated",1070,344.265707651236,21.3934306079567,0.115885559238694,0.0433426388462007,0.942154269867805,0.0578457301321945,0.027865734776776,TRUE,1069,133.186899294166,112.016814318837,0.0221247741616464,0.0432579569422469,0.988938289751547,0.0110617102484529,0.877389399062326,FALSE,1068,42.3551994736294,0.362359550561798,1069,0.590282448980745,0.289322345544325,0.566491397511274,0.278333182042128,0,120,"E:/Belize_DISC_2016/DATA/DISC_B/deployments/120/stats.csv"
"81",1,"rotated",1058,112.034242135947,2.29212504339051,1.17185156826163,0.0546960025737841,0.493127578323411,0.506872421676589,8.90519133127824e-119,TRUE,1053,200.311158777628,10.6031801229922,0.236316686035845,0.0440377921343171,0.882658759987073,0.117341240012927,5.0499271274495e-07,TRUE,1048,45.8418755164181,0.397900763358779,1053,0.63821646344041,0.424064143852065,0.57720062264092,0.385090587215315,0,122,"E:/Belize_DISC_2016/DATA/DISC_B/deployments/122/stats.csv"
"101",1,"rotated",962,53.0402534742228,4.95570137081973,0.536451227173301,0.0480585337851946,0.740952240302611,0.259047759697389,9.20037350087293e-29,TRUE,942,103.960016171409,65.381076254339,0.0403835386957454,0.046091657467311,0.979812345701504,0.0201876542984957,0.681196828687876,FALSE,924,46.2595645420501,0.386363636363636,942,0.825956637916071,0.488681596575074,0.736650420272925,0.397277998885745,0,124,"E:/Belize_DISC_2016/DATA/DISC_B/deployments/124/stats.csv"
"121",1,"rotated",620,156.057886062373,1.75264179331888,2.31791457539891,0.11307188542556,0.255489342741864,0.744510657258136,5.60786631467025e-150,TRUE,580,352.665797570686,73.4248101066952,0.0458287273853304,0.058745146913716,0.977091650001266,0.0229083499987341,0.737580790884904,FALSE,543,57.0032127621355,0.484346224677716,580,0.813398221054543,0.508316467853813,0.736064602194761,0.38771019814739,0,127,"E:/Belize_DISC_2016/DATA/DISC_B/deployments/127/stats.csv"
"141",1,"rotated",1068,81.7410281388568,24.5917437180797,0.100887802429083,0.0433568214386267,0.949620169228368,0.0503798307716317,0.0664889169057513,FALSE,1066,37.565275148313,2694.56950052071,0.000921021272737024,0.043314815071751,0.999539489412462,0.00046051058753826,0.999773958929817,FALSE,1064,68.7301081999541,0.546992481203007,1066,0.530109691935146,0.511882515220947,0.3554925181485,0.318273814824409,0,129,"E:/Belize_DISC_2016/DATA/DISC_B/deployments/129/stats.csv"
"161",1,"rotated",928,308.085704107108,3.2045563798803,0.867040919853677,0.0529791172916152,0.602126376924018,0.397873623075982,1.58387162876585e-64,TRUE,905,8.42628425641566,18.1096046041049,0.14893785440541,0.0472055893283672,0.925736795603416,0.0742632043965841,0.00679820758382479,TRUE,883,79.8633971159348,0.626274065685164,905,0.495321331784394,0.529472317662874,0.297443118591252,0.282091300309368,0,138,"E:/Belize_DISC_2016/DATA/DISC_B/deployments/138/stats.csv"
"181",1,"rotated",1066,116.390361805234,11.3021265032054,0.220246459999673,0.0437088362280491,0.890539081179952,0.109460918820048,2.83779143983107e-06,TRUE,1066,139.790758073271,90.5632049091876,0.0274048625697229,0.043320907679908,0.986298854915222,0.0137011450847785,0.818639889247539,FALSE,1066,44.4448532298398,0.397748592870544,1066,0.606390105466129,0.331864288007078,0.5605773489652,0.271253035544383,0,140,"E:/Belize_DISC_2016/DATA/DISC_B/deployments/140/stats.csv"
"201",1,"rotated",671,156.295670855691,3.4186388059417,0.964937028894772,0.0641451020319517,0.565130882987753,0.434869117012247,7.7771058864838e-56,TRUE,667,127.887423252672,66.9806032974841,0.046847370107478,0.0547811012382549,0.976582738520328,0.0234172614796724,0.693668189317523,FALSE,663,48.6051542228602,0.431372549019608,667,0.652609154307182,0.377929387878187,0.610740809663566,0.37194370798347,0,143,"E:/Belize_DISC_2016/DATA/DISC_B/deployments/143/stats.csv"
"221",1,"rotated",647,306.190764620289,9.10857363863021,0.352422329640902,0.0568937653796581,0.826467252896984,0.173532747103016,3.45477514399964e-09,TRUE,634,204.332134962522,20.742980043314,0.155372971405116,0.0564198442485558,0.922546994743823,0.0774530052561766,0.0222960504355096,TRUE,623,42.961322242036,0.309791332263242,634,0.877728504875664,0.945608160473241,0.551674841976287,0.544867910994629,0,145,"E:/Belize_DISC_2016/DATA/DISC_B/deployments/145/stats.csv"
"241",1,"rotated",661,32.7531072086683,2.38871886203699,1.47531072692402,0.0774756451718278,0.408375454415922,0.591624545584078,3.31393680813224e-101,TRUE,653,333.307295296256,38.1313189897689,0.0831930291777232,0.05541427305299,0.958439430465918,0.0415605695340824,0.323707660202439,FALSE,645,52.6112292136714,0.452713178294574,653,0.474444784755599,0.359161630150745,0.404371728319842,0.366062466368188,0,147,"E:/Belize_DISC_2016/DATA/DISC_B/deployments/147/stats.csv"
"261",1,"rotated",671,267.536532364593,1.84199742901011,2.04514564216076,0.0970713145705208,0.293808322323121,0.706191677676879,4.68908527467783e-146,TRUE,670,69.0797494572752,61.6713584985335,0.0507676023409426,0.0546622396398832,0.974624373181274,0.0253756268187263,0.649580809616873,FALSE,669,52.3210251753549,0.439461883408072,670,0.412671986829145,0.255825746708693,0.364725465878927,0.25937431317928,0,149,"E:/Belize_DISC_2016/DATA/DISC_B/deployments/149/stats.csv"
"281",1,"rotated",662,243.127863194739,2.86958438266134,1.18511324515252,0.0694689760032686,0.488789662750058,0.511210337249942,7.33039328289771e-76,TRUE,659,34.234092217386,12.6706476049867,0.250082161883134,0.0557360849651218,0.875926186022051,0.124073813977949,3.92777971557124e-05,TRUE,656,65.2607576206383,0.535060975609756,659,0.353325959143009,0.360382302100219,0.22042196737509,0.229676571264314,0,151,"E:/Belize_DISC_2016/DATA/DISC_B/deployments/151/stats.csv"
"301",1,"rotated",423,240.186038110212,4.80253324688236,0.856044610915217,0.0782259259375848,0.606401732793379,0.393598267206621,3.46938939217001e-29,TRUE,396,319.281417522472,18.6299759536999,0.219217725200326,0.0717073638888702,0.891044261343919,0.108955738656081,0.00908567953472997,TRUE,372,64.532678202159,0.543010752688172,396,0.455993659158956,0.325320659130029,0.412700830661515,0.315644299641021,0,153,"E:/Belize_DISC_2016/DATA/DISC_B/deployments/153/stats.csv"
"321",1,"rotated",272,173.685179421221,2.54847821258394,2.44773409474747,0.180000319010217,0.240037561305888,0.759962438694112,5.96972211335025e-69,TRUE,220,277.77664692907,20.8853759060725,0.262690099473407,0.0965801966792822,0.869774774644052,0.130225225355948,0.0239713946236592,TRUE,182,70.6252915184621,0.615384615384615,220,0.513603243910719,0.366371985698971,0.439188430420439,0.216822038326714,0,155,"E:/Belize_DISC_2016/DATA/DISC_B/deployments/155/stats.csv"
"341",1,"rotated",883,142.789499835607,16.9716818819423,0.160928686467747,0.0478231977197299,0.919795012607247,0.0802049873927532,0.00341288357328767,TRUE,878,352.69298625586,23.7905985645729,0.115038635498547,0.0478458299626361,0.942575622568379,0.0574243774316212,0.0552848200274066,FALSE,873,64.3771449271671,0.533791523482245,878,0.977354849624192,0.768050833173516,0.810362601584675,0.711630623658902,0,157,"E:/Belize_DISC_2016/DATA/DISC_B/deployments/157/stats.csv"
"361",1,"rotated",257,53.7446808013709,4.74111127743327,1.14617793006759,0.109990741370549,0.501617841209469,0.498382158790531,1.891736367452e-28,TRUE,246,269.753549550231,57.597305787064,0.0897400522028052,0.0903031184224247,0.955175082055888,0.0448249179441124,0.610009209675954,FALSE,235,44.3105513494641,0.365957446808511,246,1.10168471547317,0.858106565550764,0.951182711166867,0.519840377289071,0,159,"E:/Belize_DISC_2016/DATA/DISC_B/deployments/159/stats.csv"
"381",1,"rotated",628,150.829353857189,2.0263582716527,1.88021532627789,0.0936818298283578,0.321568519944548,0.678431480055452,2.93473802826471e-126,TRUE,610,27.3384816132347,12.1287091615394,0.271735973679765,0.0580527972509606,0.865370527615727,0.134629472384273,1.57872508951441e-05,TRUE,597,57.5964316358359,0.438860971524288,610,0.628689327600972,0.459130427702102,0.569589574865486,0.466580917701376,0,161,"E:/Belize_DISC_2016/DATA/DISC_B/deployments/161/stats.csv"
"401",1,"rotated",794,229.870086823828,1.83610240184257,1.8342890479619,0.0817437189354839,0.330007727861838,0.669992272138162,1.61981428298541e-155,TRUE,794,177.610121740664,58.3858503383307,0.0492590026922005,0.050211395265363,0.975377965911626,0.0246220340883744,0.617943541345814,FALSE,794,82.5911839827244,0.668765743073048,794,0.5553704760492,0.437580386897476,0.466222183283313,0.316353784130027,0,163,"E:/Belize_DISC_2016/DATA/DISC_B/deployments/163/stats.csv"
"421",1,"rotated",508,131.869244190851,12.7765944340062,0.282776438207085,0.0636865752890377,0.860006008770902,0.139993991229098,4.74447192104134e-05,TRUE,493,227.922664405457,85.2169137803242,0.04282902119098,0.0637148819731834,0.978590398049702,0.0214096019502982,0.797736504879241,FALSE,479,49.267709264265,0.438413361169102,493,0.964327750024266,0.457180132454468,0.93199421231142,0.44397655229672,0,167,"E:/Belize_DISC_2016/DATA/DISC_B/deployments/167/stats.csv"
"441",1,"rotated",741,206.388223486192,2.28161691078675,1.45512986148383,0.0726001743605541,0.413502152013611,0.586497847986389,2.00966609036422e-111,TRUE,739,24.4007381213588,126.306682981334,0.023599575841493,0.0520281193826792,0.988201033474702,0.0117989665252976,0.902234931542237,FALSE,737,49.769730936652,0.466757123473541,739,0.784531481443684,0.340101692169603,0.747681259254991,0.324675716594882,0,171,"E:/Belize_DISC_2016/DATA/DISC_B/deployments/171/stats.csv"
"461",1,"rotated",364,81.4411306179343,4.72925621779009,0.945173048730603,0.0865650542442392,0.572445654241549,0.427554345758451,1.26462816065375e-29,TRUE,325,9.21330549834589,59.388391942357,0.0757094122311459,0.0785307648067587,0.962172390450649,0.0378276095493506,0.628102685228027,FALSE,291,53.8177398559858,0.487972508591065,325,1.04203111907234,0.513230303760968,1.00688634070374,0.467581532605424,0,173,"E:/Belize_DISC_2016/DATA/DISC_B/deployments/173/stats.csv"
"481",1,"rotated",735,329.625416152827,4.34627262467959,0.708485855011844,0.0570802376668281,0.666099579377315,0.333900420622685,2.58128552968966e-36,TRUE,732,36.5680657137454,36.6174790008586,0.0818229714231025,0.052336455092117,0.959122713845983,0.0408772861540166,0.29430540830497,FALSE,729,47.1132573987648,0.42798353909465,732,1.09869875451445,0.515812631897957,1.05237777096034,0.491951547596325,0,175,"E:/Belize_DISC_2016/DATA/DISC_B/deployments/175/stats.csv"
"501",1,"rotated",714,332.896631630046,8.27858633699621,0.369389253681538,0.0542802688516163,0.818382999932038,0.181617000067962,5.91407697672513e-11,TRUE,708,7.13688842364344,79.0233434466747,0.0385394853159676,0.053164202116935,0.980733834105364,0.0192661658946358,0.768896364620195,FALSE,704,43.4185724261044,0.383522727272727,708,0.715221973102022,0.375486647801797,0.669917708245442,0.320586051585194,0,177,"E:/Belize_DISC_2016/DATA/DISC_B/deployments/177/stats.csv"
"521",1,"rotated",672,342.833048535441,12.1597694738412,0.258121200304896,0.0552361462347011,0.872002236198814,0.127997763801186,1.65410844436442e-05,TRUE,670,359.419456851467,124.122774276019,0.0252212159083138,0.054642352932821,0.987390394655834,0.012609605344166,0.898946786226204,FALSE,668,55.1611061355591,0.495508982035928,670,0.575840972542228,0.279288383566114,0.550330484029809,0.305696591958404,0,179,"E:/Belize_DISC_2016/DATA/DISC_B/deployments/179/stats.csv"
"541",1,"rotated",674,233.106618418308,0.878509200215639,6.8328387645235,0.35519649983263,0.076309804089009,0.923690195910991,1.79869546705581e-250,TRUE,674,70.7296573037911,19.4866318129466,0.160423352904091,0.0547363524768887,0.920045250861645,0.0799547491383546,0.0134507350053451,TRUE,674,76.4580527947072,0.605341246290801,674,0.195538357269007,0.183082713512334,0.134371313724209,0.111855654201374,0,182,"E:/Belize_DISC_2016/DATA/DISC_B/deployments/182/stats.csv"
"561",1,"rotated",631,249.112636865071,2.96797339169956,1.1718716578206,0.0708250343605904,0.493120982517873,0.506879017482127,3.90798577856402e-71,TRUE,610,67.4743676822569,38.272112225252,0.0857609862524899,0.0573387997589684,0.957158881472396,0.0428411185276037,0.326419969602111,FALSE,590,51.0198539189407,0.43728813559322,610,0.709866919276335,0.363413120681555,0.677176674329787,0.302538693006919,0,184,"E:/Belize_DISC_2016/DATA/DISC_B/deployments/184/stats.csv"
"581",1,"rotated",651,301.300921551634,9.12730572505301,0.350589369121188,0.0567053047841694,0.827342748430514,0.172657251569486,3.7307641280182e-09,TRUE,639,337.384783698249,99.2251077349396,0.0323068004616034,0.0559563724038397,0.983848706874798,0.0161512931252019,0.846460053866188,FALSE,628,58.472728590373,0.501592356687898,639,0.559297377127216,0.266917285293233,0.542063669870542,0.254503077693819,0,186,"E:/Belize_DISC_2016/DATA/DISC_B/deployments/186/stats.csv"
"601",1,"rotated",579,149.744264024277,15.1993370226153,0.222232405522748,0.0593170428886073,0.889564084970949,0.110435915029051,0.000857459269576951,TRUE,536,132.294808198792,22.8640779944932,0.153298486494323,0.0613539033513819,0.923575033626039,0.0764249663739609,0.0436891426323078,TRUE,495,44.0175126905351,0.395959595959596,536,1.02945512373026,0.425260818937483,0.994905398651959,0.40400222630009,0,192,"E:/Belize_DISC_2016/DATA/DISC_B/deployments/192/stats.csv"
"621",1,"rotated",484,239.55164189971,2.96075364107302,1.37359427367095,0.0870578642365143,0.435071400763189,0.564928599236811,8.24769990048191e-68,TRUE,446,115.817426215467,49.3286085133459,0.0778100276298594,0.0670409732317765,0.961124399769003,0.0388756002309967,0.509642753107239,FALSE,418,80.1119835078629,0.672248803827751,446,0.452802934516506,0.308692019581466,0.382770227979783,0.257756872307963,0,198,"E:/Belize_DISC_2016/DATA/DISC_B/deployments/198/stats.csv"
"641",1,"rotated",118,165.958644042708,40.1559132066266,0.18615915528201,0.131034960007148,0.907321295885208,0.0926787041147919,0.362931060339116,FALSE,118,132.967032203865,169.829970674109,0.0439273149210368,0.130236013863739,0.978041638494215,0.0219583615057846,0.944692295705183,FALSE,118,32.9954713117599,0.288135593220339,118,0.963552875738533,0.384100176393889,0.956026780613194,0.292560756043217,0,202,"E:/Belize_DISC_2016/DATA/DISC_B/deployments/202/stats.csv"
"661",1,"rotated",648,240.185149704655,2.03711726862237,1.82875252038073,0.0902779708144641,0.331047257440963,0.668952742559037,1.15854580880328e-126,TRUE,632,244.383918754686,19.1333199580709,0.168756099454735,0.0565548083051329,0.915920891120452,0.0840791088795477,0.011472580217247,TRUE,616,39.8867297802004,0.342532467532468,632,0.727767521048267,0.356790235928295,0.697923654678815,0.332926834019503,0,205,"E:/Belize_DISC_2016/DATA/DISC_B/deployments/205/stats.csv"
"681",1,"rotated",672,106.84627824222,2.96545894946709,1.13137196623028,0.0676746625744328,0.50657003465502,0.49342996534498,8.77742307324518e-72,TRUE,670,19.222273405488,58.4562104524751,0.0535608444771358,0.0546652250114556,0.973229176507284,0.026770823492716,0.618675990466597,FALSE,668,50.924307369467,0.413173652694611,670,0.52087712115768,0.347486377589054,0.462069128399812,0.346268943826664,0,207,"E:/Belize_DISC_2016/DATA/DISC_B/deployments/207/stats.csv"
"701",1,"rotated",614,299.999005406838,6.91711561598406,0.479426576045725,0.0595344486397144,0.76690576944118,0.23309423055882,3.24905218540709e-15,TRUE,594,292.727736326398,65.4148809232421,0.0508320903715704,0.0580539980393114,0.974592160347221,0.0254078396527795,0.681498220093108,FALSE,579,55.8040361264977,0.511226252158895,594,0.592997645735413,0.342658199449229,0.527797874899942,0.275992607165978,0,209,"E:/Belize_DISC_2016/DATA/DISC_B/deployments/209/stats.csv"
"721",1,"rotated",547,253.311361157544,9.61647618997653,0.363212208845776,0.0619637478011617,0.821322000038598,0.178677999961402,2.60453200988252e-08,TRUE,503,115.591547086749,60.082634123131,0.0601454566711648,0.0630994365183735,0.969940861883547,0.0300591381164527,0.634773810485554,FALSE,466,75.0758262233429,0.609442060085837,503,0.620797377229025,0.610564934244057,0.398421224031543,0.426868796067232,0,211,"E:/Belize_DISC_2016/DATA/DISC_B/deployments/211/stats.csv"
"741",1,"rotated",629,309.590351092952,0.621296851732246,14.0302389055753,0.775723297470646,0.0363208721344849,0.963679127865515,2.05133406985738e-254,TRUE,617,136.397189459414,80.2283169789908,0.0406642009169256,0.056951746505145,0.979672100970392,0.0203278990296082,0.774948358132242,FALSE,606,98.7540760182125,0.798679867986799,617,0.292601748696945,0.295969427318981,0.15365899390531,0.152343574812741,0,212,"E:/Belize_DISC_2016/DATA/DISC_B/deployments/212/stats.csv"
"761",1,"rotated",378,90.5776037151078,1.66847951977101,3.67193416245419,0.237770530337492,0.148905221522271,0.851094778477729,1.21977738211033e-119,TRUE,373,34.5277339679604,35.107322771664,0.119611589960529,0.0734216425459388,0.940300904228847,0.0596990957711534,0.264645178462299,FALSE,368,87.1047216415653,0.695652173913043,373,0.246876161051072,0.4151629459139,0.155587454084488,0.11619772304442,0,214,"E:/Belize_DISC_2016/DATA/DISC_B/deployments/214/stats.csv"
"781",1,"rotated",174,3.48354468857849,1.02164129426495,18.5829900598741,1.96368457784954,0.0272888273865783,0.972711172613422,3.16788536712273e-72,TRUE,162,232.25189855621,68.8035924753681,0.0925766436457417,0.111289667132686,0.953761196150963,0.046238803849037,0.707257566070359,FALSE,153,105.056029209157,0.843137254901961,162,0.207150365456101,0.238166498905642,0.147361839979115,0.103141684240205,0,216,"E:/Belize_DISC_2016/DATA/DISC_B/deployments/216/stats.csv"
"801",1,"rotated",4,316.113769664625,28.394420267849,1.62643176703518,1.05767836021495,0.131912557890211,0.868087442109789,0.0374489480970577,TRUE,2,1.80975592025388,240.453873250712,0.239129865326469,1.01072390553345,0.24655767835428,0.75344232164572,0.37374344308412,FALSE,0,NA,NA,2,2.73169991325865,3.19613135962842,2.73169991325865,3.35068512978592,0,218,"E:/Belize_DISC_2016/DATA/DISC_B/deployments/218/stats.csv"
"821",1,"rotated",668,251.035142326365,5.6142641003953,0.569473280365633,0.058047954561395,0.726171009814506,0.273828990185494,1.7659433921204e-22,TRUE,666,73.742360729985,125.558771444512,0.0250075088841985,0.0548060881427547,0.987497222898726,0.0125027771012737,0.901127300020688,FALSE,664,44.113703850346,0.421686746987952,666,0.777624499204886,0.32444403581933,0.750463542348089,0.314575073781322,0,228,"E:/Belize_DISC_2016/DATA/DISC_B/deployments/228/stats.csv"
"841",1,"rotated",202,199.310607518129,3.95946383684402,1.64529653850481,0.149976257778491,0.368364247215333,0.631635752784667,9.99805986052469e-36,TRUE,174,83.0533801947987,30.7950710729293,0.199969009987015,0.108015198377672,0.900511916602874,0.0994880833971258,0.178667114434771,FALSE,149,49.4411356989725,0.395973154362416,174,0.522938578702498,0.273293864783128,0.47786889870948,0.194287988891581,0,232,"E:/Belize_DISC_2016/DATA/DISC_B/deployments/232/stats.csv"
"861",1,"rotated",628,178.777637812498,2.49023348811348,1.44669628480023,0.0786038025639998,0.415669195120074,0.584330804879926,7.51661057977018e-94,TRUE,612,95.153952794641,40.3703989292468,0.0811666416430801,0.0572368114547996,0.959450062937843,0.0405499370621567,0.365565428014924,FALSE,600,40.1076061778821,0.336666666666667,612,0.554613677264172,0.284895498434503,0.502109226775034,0.268306800291389,0,233,"E:/Belize_DISC_2016/DATA/DISC_B/deployments/233/stats.csv"
"881",1,"rotated",672,338.323485589506,2.34613006767723,1.4930733169798,0.0773758678318695,0.40393120950853,0.59606879049147,2.031128716978e-104,TRUE,671,345.253006133002,55.8699657448644,0.055999359153593,0.0546272105817132,0.972011290307695,0.0279887096923046,0.591176984096177,FALSE,670,58.9647381535602,0.558208955223881,671,0.550271062407756,0.275531791153827,0.519632763927994,0.255277454706961,0,235,"E:/Belize_DISC_2016/DATA/DISC_B/deployments/235/stats.csv"
"901",1,"rotated",656,336.861959469149,0.52942240250921,18.361266356471,0.999078189722998,0.0276232995012948,0.972376700498705,4.21725918607052e-270,TRUE,653,146.783598818503,3.64438069083384,0.91284321078577,0.0640053517334394,0.58457898496183,0.41542101503817,1.14504377707516e-49,TRUE,650,68.9887912804488,0.561538461538462,653,0.133703005742945,0.24490118355904,0.0419004107955234,0.062121549045443,0,237,"E:/Belize_DISC_2016/DATA/DISC_B/deployments/237/stats.csv"
"921",1,"rotated",448,303.455331090819,4.01052788007274,1.01143700540716,0.0796572698205993,0.548226287615968,0.451773712384032,1.94805892473789e-40,TRUE,448,101.307800218805,18.3062057971637,0.209695155459229,0.067366269231181,0.895724473166332,0.104275526833668,0.00766357493499358,TRUE,448,82.2724804534063,0.654017857142857,448,0.393172691847443,0.348035896558375,0.299893324570921,0.280744111395082,0,239,"E:/Belize_DISC_2016/DATA/DISC_B/deployments/239/stats.csv"
"941",1,"rotated",654,272.748444180676,4.59623928564051,0.710337588976128,0.0605391753694915,0.665323912045543,0.334676087954457,1.5363909681474e-32,TRUE,640,310.733460206769,43.4070764241929,0.0738133492643182,0.055958808404262,0.963118437867203,0.0368815621327966,0.418717102456272,FALSE,626,64.4613685056973,0.603833865814696,640,0.641104187204541,0.285846885238978,0.619433528553694,0.259766411448921,0,241,"E:/Belize_DISC_2016/DATA/DISC_B/deployments/241/stats.csv"
"961",1,"rotated",507,11.1830343677983,1.18318666345622,5.1568856302091,0.301828604037614,0.102782812463993,0.897217187536007,5.61709696771836e-178,TRUE,483,0.851058681547668,116.104284050706,0.0317572722368757,0.0643611135284007,0.984123365293927,0.0158766347060726,0.885370907909217,FALSE,462,66.6928076029104,0.616883116883117,483,0.624582671461165,0.385594131659194,0.552836192945503,0.308038680671403,0,243,"E:/Belize_DISC_2016/DATA/DISC_B/deployments/243/stats.csv"
"981",1,"rotated",455,10.0531029471099,6.54940985959636,0.592409569527916,0.070666557866908,0.716016017013604,0.283983982986396,1.15837806650979e-16,TRUE,411,350.969356860231,58.9866166435231,0.067777862039051,0.069818097293143,0.966130514107481,0.033869485892519,0.624080824430073,FALSE,372,54.2976440817087,0.497311827956989,411,0.813180184635723,0.396416084397964,0.772886305102069,0.344987105366216,0,251,"E:/Belize_DISC_2016/DATA/DISC_B/deployments/251/stats.csv"
"1001",1,"rotated",241,218.499690238297,1.39396717967562,7.5295546935448,0.658291977299042,0.068945603939589,0.931054396060411,1.86159184510928e-91,TRUE,203,40.5233982700056,16.6094296817907,0.344925098117555,0.101473405759969,0.83005082084786,0.16994917915214,0.00284215455195343,TRUE,170,73.4783448171368,0.664705882352941,203,0.538017837550849,0.468934056722299,0.448472286688362,0.266726996986688,0,253,"E:/Belize_DISC_2016/DATA/DISC_B/deployments/253/stats.csv"
"1021",1,"rotated",504,93.1983175432389,2.23454464661707,1.91102213530602,0.105920319290529,0.316087332289738,0.683912667710262,4.16638978938629e-103,TRUE,478,143.729266155653,15.9373021705119,0.233334184116341,0.0653450716044868,0.884119649803047,0.115880350196953,0.00163076482156718,TRUE,453,43.361451402961,0.337748344370861,478,0.498008315795604,0.25916541983881,0.465789299838384,0.242406482990127,0,255,"E:/Belize_DISC_2016/DATA/DISC_B/deployments/255/stats.csv"
"1041",1,"rotated",593,77.5050292190256,14.224777319119,0.234720877063534,0.0586748210642616,0.883440325125851,0.116559674874149,0.000317005453928577,TRUE,561,253.690744914449,33.992244800376,0.100705070677617,0.0598216844095862,0.949711187986817,0.0502888120131834,0.24201655446518,FALSE,530,75.3179376823749,0.664150943396226,561,0.692226297209633,0.40613629251271,0.625200542958588,0.364387773006222,0,259,"E:/Belize_DISC_2016/DATA/DISC_B/deployments/259/stats.csv"
"1061",1,"rotated",235,142.523768562835,36.0059555328754,0.146999066227275,0.0926269246502376,0.926698278954396,0.0733017210456041,0.282892463145486,FALSE,196,352.910184155278,77.7029293688145,0.0745114156175275,0.101120412430349,0.962770123483626,0.0372298765163743,0.762106868111865,FALSE,160,69.6799456254534,0.5875,196,0.657663253850966,0.390682419779218,0.597576890471269,0.346847696459986,0,261,"E:/Belize_DISC_2016/DATA/DISC_B/deployments/261/stats.csv"
"1081",1,"rotated",599,196.224091824267,1.03392365076775,5.65468595984681,0.307310720886084,0.093166590604559,0.906833409395441,1.18229479999469e-214,TRUE,592,216.820460262184,17.6494076272155,0.189109679430525,0.0585136141493587,0.905865319797762,0.0941346802022379,0.00526901360364111,TRUE,585,88.1432169316007,0.682051282051282,592,0.162104146814059,0.210934896513813,0.0948345960724248,0.078480223091534,0,263,"E:/Belize_DISC_2016/DATA/DISC_B/deployments/263/stats.csv"
"1101",1,"rotated",633,164.956336166282,3.66870161699737,0.921809624590306,0.0651824826984134,0.581192987343587,0.418807012656413,6.04302001541291e-49,TRUE,605,276.847789234563,67.9557018457489,0.0484839317099573,0.0575212992766457,0.975765154526766,0.0242348454732341,0.700939795241216,FALSE,580,63.0731749206232,0.543103448275862,605,0.799677830635486,0.451228175718874,0.751409965753373,0.461450366592557,0,265,"E:/Belize_DISC_2016/DATA/DISC_B/deployments/265/stats.csv"
"1121",1,"rotated",449,290.033859659207,6.97679461274271,0.558549625488562,0.070648583856215,0.731039862137355,0.268960137862645,7.83276721212565e-15,TRUE,405,185.702121448099,88.4655982932559,0.0455189177584213,0.0703001377154017,0.977246433704516,0.0227535662954838,0.810844861867203,FALSE,370,61.3511511921039,0.537837837837838,405,0.62466152080381,0.329854021691507,0.589544202676015,0.319810087637401,0,271,"E:/Belize_DISC_2016/DATA/DISC_B/deployments/271/stats.csv"
"1141",1,"rotated",585,47.139716971534,10.3234103929553,0.326663933190284,0.0596408262882684,0.838807510404117,0.161192489595883,2.5043512281109e-07,TRUE,569,73.4110221103371,86.3635695336767,0.039336245549198,0.0593041174584132,0.980335680403819,0.0196643195961805,0.802499513917978,FALSE,553,47.5896512172252,0.44122965641953,569,0.621258838892208,0.307848583812284,0.591346281919461,0.30324595432916,0,273,"E:/Belize_DISC_2016/DATA/DISC_B/deployments/273/stats.csv"
"1161",1,"rotated",602,231.164724608976,4.81913954369761,0.705884614197615,0.0630313596677222,0.667190323641685,0.332809676358315,1.10084132551113e-29,TRUE,587,60.9117306306126,20.5117102255997,0.163319750383779,0.0586627945123168,0.91861117832764,0.0813888216723602,0.0204786919164586,TRUE,572,45.3824546832062,0.388111888111888,587,0.656558541236253,0.267383420633166,0.642785835290312,0.268200154099511,0,275,"E:/Belize_DISC_2016/DATA/DISC_B/deployments/275/stats.csv"
"1181",1,"rotated",649,301.993790099652,2.95688613364694,1.1580283877792,0.069499719107944,0.497683694062949,0.502316305937051,7.60923073065542e-72,TRUE,640,222.209164607599,50.9925762609289,0.0628272118778993,0.0559430734650445,0.96860188356226,0.03139811643774,0.532092092650259,FALSE,631,78.133666903019,0.610142630744849,640,0.402362040921585,0.559339935459773,0.172762241234641,0.17696714108344,0,278,"E:/Belize_DISC_2016/DATA/DISC_B/deployments/278/stats.csv"
"1201",1,"rotated",438,228.645974336963,5.64328560603471,0.706744118723843,0.0739108982972485,0.666829774417357,0.333170225582643,7.67387106227766e-22,TRUE,424,159.403235889099,44.3555199032027,0.0887606963629622,0.0687817400410498,0.955663300479973,0.0443366995200269,0.434536644825098,FALSE,411,84.6759607321317,0.652068126520681,424,0.347125861176292,0.454024190206595,0.169801187383641,0.163232313132274,0,280,"E:/Belize_DISC_2016/DATA/DISC_B/deployments/280/stats.csv"
"1221",1,"rotated",500,83.2414215928136,1.57131072676056,3.22256383671706,0.178157951901904,0.173797589438303,0.826202410561697,5.92966220197694e-149,TRUE,434,58.3602715542717,36.0932787107497,0.107840455721017,0.0680324541967972,0.946158003588106,0.0538419964118938,0.28417958739533,FALSE,375,79.9359878324228,0.653333333333333,434,0.453653270313343,0.400233053797719,0.347096946757326,0.289778312794089,0,282,"E:/Belize_DISC_2016/DATA/DISC_B/deployments/282/stats.csv"
"1241",1,"rotated",441,109.949270676202,4.27872484025531,0.949531858620757,0.0787500873026659,0.570825751211351,0.429174248788649,5.28586908604835e-36,TRUE,383,32.7420747174757,240.227060875584,0.0172355195146738,0.0722669623548746,0.991382560229158,0.00861743977084192,0.971958974494958,FALSE,339,54.309693016421,0.427728613569322,383,0.957447727066618,0.639536188713924,0.828923926246608,0.503603250832851,0,286,"E:/Belize_DISC_2016/DATA/DISC_B/deployments/286/stats.csv"
"1261",1,"rotated",455,112.702401120139,2.72118917670953,1.5822254907411,0.0974211920153654,0.382565268162537,0.617434731837463,4.65898303510553e-76,TRUE,421,52.2252878511559,31.2993519601748,0.126297130126254,0.0691307029764615,0.936977009630284,0.0630229903697157,0.187839243507467,FALSE,395,84.2642789196157,0.665822784810127,421,0.686423474904684,0.548097547493359,0.548404817647628,0.474018740706315,0,288,"E:/Belize_DISC_2016/DATA/DISC_B/deployments/288/stats.csv"
"1281",1,"rotated",267,68.7926986694325,1.7333040312048,4.62940577768948,0.368625117961439,0.115437245469303,0.884562754530697,1.86033253271373e-91,TRUE,238,344.901135428803,33.0588039273169,0.159128338585555,0.092105121580073,0.920686603463333,0.0793133965366666,0.223763332031611,FALSE,212,87.8267370163083,0.745283018867924,238,0.330331415110992,0.254146065070572,0.266162261485604,0.194900228096109,0,292,"E:/Belize_DISC_2016/DATA/DISC_B/deployments/292/stats.csv"
"1301",1,"rotated",518,244.058314643351,2.09462560875701,2.04759451113841,0.110593699577301,0.293424354086491,0.706575645913509,4.86010104143555e-113,TRUE,480,320.809307309983,35.9457537753954,0.10295722402061,0.0646780220096091,0.948589477709829,0.0514105222901708,0.281208170107568,FALSE,442,65.5995791007662,0.574660633484163,480,0.855769142762059,0.506255456780913,0.755181487239218,0.384343377809493,0,294,"E:/Belize_DISC_2016/DATA/DISC_B/deployments/294/stats.csv"
"1321",1,"rotated",435,150.200462774485,1.86160388858056,2.75584788726744,0.160819052021551,0.209094248685745,0.790905751314255,6.6942324032955e-119,TRUE,396,89.181356063912,154.407916489721,0.0263717743173774,0.0710761726495344,0.98681525900784,0.0131847409921597,0.933476389813632,FALSE,366,85.1882092574674,0.713114754098361,396,0.486605868708165,0.291821553943288,0.451801714413419,0.263832123479433,0,296,"E:/Belize_DISC_2016/DATA/DISC_B/deployments/296/stats.csv"
"1341",1,"rotated",667,358.657616450748,21.8351844675103,0.143872732125443,0.0549711081075131,0.928249119840564,0.071750880159436,0.032262751064537,TRUE,661,164.485090873095,24.5078431622609,0.12873031739292,0.055177456012169,0.935767800685858,0.0642321993141417,0.0654062435211356,FALSE,656,50.3095770009625,0.445121951219512,661,0.448990465484043,0.228932938614287,0.416349462189495,0.211255536093485,0,298,"E:/Belize_DISC_2016/DATA/DISC_B/deployments/298/stats.csv"
"1361",1,"rotated",466,112.492458773055,2.98210748770616,1.39318347128239,0.0893878315434572,0.429762307574148,0.570237692425852,1.55413339087306e-66,TRUE,449,143.331079608772,47.1722330664142,0.0810973042194357,0.0668231674566083,0.959484646230099,0.0405153537699009,0.478532687922843,FALSE,433,78.5590689966921,0.699769053117783,449,0.579606675750307,0.315869468670935,0.530334175492024,0.277828828525289,0,300,"E:/Belize_DISC_2016/DATA/DISC_B/deployments/300/stats.csv"
"1381",1,"rotated",668,68.4140204055385,2.0223940718755,1.80975319738803,0.0882203032719232,0.334651501197469,0.665348498802531,3.73398336673263e-129,TRUE,664,345.020879822625,66.313010720402,0.0474259328088773,0.0549052755382751,0.976293698052748,0.0237063019472516,0.688554689366141,FALSE,660,66.0496049769696,0.546969696969697,664,0.523750141471613,0.445168553338166,0.408658846561216,0.342718214866037,0,308,"E:/Belize_DISC_2016/DATA/DISC_B/deployments/308/stats.csv"
"1401",1,"rotated",661,112.546417915628,3.25554607882923,1.02750287319232,0.0659175420962483,0.542484685216589,0.457515314783411,8.14168089517577e-61,TRUE,650,30.3040746241931,16.3882428764452,0.194388337381304,0.0558630770785187,0.903262009906729,0.0967379900932708,0.00228165283107918,TRUE,639,50.9736698857034,0.458528951486698,650,1.15381745828186,0.561804734376405,1.09663889324525,0.492293091659586,0,310,"E:/Belize_DISC_2016/DATA/DISC_B/deployments/310/stats.csv"
"1421",1,"rotated",674,71.5854943762247,4.0017464879032,0.810515780976519,0.0611942740994806,0.624360709952947,0.375639290047053,4.97232396154764e-42,TRUE,672,331.286513554504,27.3564511098137,0.114353035715761,0.0546882388347308,0.94291673755613,0.0570832624438704,0.111949071704029,FALSE,670,69.4657570579164,0.588059701492537,672,0.63921151179749,0.450587839892069,0.566160884657934,0.420866090122396,0,312,"E:/Belize_DISC_2016/DATA/DISC_B/deployments/312/stats.csv"
"1441",1,"rotated",1343,128.852507597076,0.911398784070705,3.49890605456498,0.119357797035402,0.157624403712827,0.842375596287173,0,TRUE,1343,295.653499237024,16.7583495136149,0.132081213460719,0.0387164335771815,0.934102987147871,0.0658970128521293,0.0029326022953928,TRUE,1343,78.9264715714915,0.653015636634401,1343,0.616140261535981,0.429113183078751,0.523313965405042,0.340804220279503,0,314,"E:/Belize_DISC_2016/DATA/DISC_B/deployments/314/stats.csv"
"1461",1,"rotated",664,267.519221835777,0.595012202153303,14.4738104032003,0.779392547057802,0.0351859602753096,0.96481403972469,3.6703200504836e-269,TRUE,660,334.286455187895,15.1384043617302,0.208912711218208,0.0554987336849487,0.896109347002691,0.103890652997309,0.000805895291701803,TRUE,656,87.2234857957649,0.689024390243902,660,0.257161702405078,0.335997396233963,0.160501264922165,0.1269708122919,0,316,"E:/Belize_DISC_2016/DATA/DISC_B/deployments/316/stats.csv"
"1481",1,"rotated",241,83.6223056766451,2.79283435196991,2.33977771296015,0.182994626934147,0.25277286100596,0.74722713899404,3.63480967129983e-59,TRUE,216,310.57616164626,36.6601197905428,0.150602112583125,0.0966342917514845,0.924911622382573,0.0750883776174275,0.29586112060829,FALSE,193,78.5406560591222,0.673575129533679,216,0.513346779820689,0.271995346567426,0.473904458559749,0.222353173099753,0,319,"E:/Belize_DISC_2016/DATA/DISC_B/deployments/319/stats.csv"
"1501",1,"rotated",150,18.1876932270208,3.10165036682617,2.84991154170597,0.283910599594728,0.201000161292607,0.798999838707393,2.58173735982042e-42,TRUE,142,300.048063186017,61.0105570337633,0.11153873611706,0.118955014331489,0.944317179410433,0.055682820589567,0.643854915820816,FALSE,134,78.6753356549728,0.619402985074627,142,0.254775109538669,0.260583522416153,0.175715766330423,0.116455981846609,0,329,"E:/Belize_DISC_2016/DATA/DISC_B/deployments/329/stats.csv"
"1521",1,"rotated",104,45.3045046366897,4.38037272550142,2.24197974293418,0.267573961325729,0.265307986379064,0.734692013620936,4.17161152295196e-25,TRUE,88,359.47850813137,34.7527683437264,0.249508771416146,0.152515774490619,0.876206290161448,0.123793709838552,0.259606133314592,FALSE,73,66.1232892257098,0.534246575342466,88,0.479873934667312,0.348006076043425,0.41060568498042,0.32403607265088,0,331,"E:/Belize_DISC_2016/DATA/DISC_B/deployments/331/stats.csv"
"1541",1,"rotated",39,340.382381651486,13.2051527597162,1.04477505141033,0.272898275942719,0.53636826389146,0.46363173610854,0.000154800032461787,TRUE,32,298.589007377845,19.2305600851379,0.771420494037841,0.277937768971105,0.640111588593706,0.359888411406294,0.0147171310314975,TRUE,25,69.3853311464904,0.68,32,0.545290175237568,0.26822725705664,0.557277044200665,0.249427442762905,0,333,"E:/Belize_DISC_2016/DATA/DISC_B/deployments/333/stats.csv"
"1561",1,"rotated",133,247.029307039074,4.44438665611112,1.85713878768061,0.201627954413935,0.325768267129059,0.674231732870941,5.5263986942159e-27,TRUE,108,68.0254907068042,39.7385097570884,0.196679888405198,0.137069910059538,0.902132486719551,0.0978675132804491,0.355429124960274,FALSE,91,83.3289617911076,0.67032967032967,108,0.511920062311102,0.435044803162372,0.444205053624587,0.38077330446286,0,343,"E:/Belize_DISC_2016/DATA/DISC_B/deployments/343/stats.csv"
"1581",1,"rotated",338,217.041352615327,68.075761991399,0.0647590622763114,0.0769835643812835,0.967637430892939,0.0323625691070607,0.701875299221092,FALSE,299,190.606301506812,37.2758968147957,0.125835457266557,0.0820289165462244,0.937206476416961,0.0627935235830389,0.307596950703266,FALSE,262,63.9105367194853,0.545801526717557,299,0.729090202229273,0.377093729029401,0.705008508081596,0.349554748235462,0,349,"E:/Belize_DISC_2016/DATA/DISC_B/deployments/349/stats.csv"
"1601",1,"rotated",168,222.403977390462,37.3960361032372,0.167462048802975,0.109682712952398,0.916561113477669,0.0834388865223306,0.310483652568741,FALSE,145,336.592869783827,38.6705216587668,0.174339582184178,0.11811341891014,0.913159708248825,0.0868402917511746,0.335048741958543,FALSE,123,64.3870989458922,0.528455284552846,145,0.55715161424221,0.389461045859359,0.509792636694129,0.328151227803115,0,351,"E:/Belize_DISC_2016/DATA/DISC_B/deployments/351/stats.csv"
"1621",1,"rotated",698,18.1546093329946,8.14550546205469,0.379884134078098,0.054977860784937,0.813400817389576,0.186599182610424,2.78596988869518e-11,TRUE,694,135.222931666392,146.817037729385,0.0209504497749007,0.0536872306910586,0.98952534979548,0.0104746502045202,0.926682293096936,FALSE,690,56.0715691853587,0.488405797101449,694,0.524233488868823,0.301069720884252,0.490855994320037,0.272672982767794,0,353,"E:/Belize_DISC_2016/DATA/DISC_B/deployments/353/stats.csv"
"1641",1,"rotated",512,294.586380047144,2.18775187003707,1.94540788477991,0.106603824566238,0.310134563882832,0.689865436117168,1.50063453713361e-106,TRUE,505,208.547796302285,42.6938002350042,0.084493006174468,0.0630159184214856,0.957791152098876,0.0422088479011237,0.406691097960355,FALSE,498,58.0075383824918,0.516064257028112,505,0.337662715516303,0.200731703479516,0.315917345386053,0.189091383757957,0,355,"E:/Belize_DISC_2016/DATA/DISC_B/deployments/355/stats.csv"
"1661",1,"rotated",319,354.55690029487,1.72700671087551,3.99634968660491,0.285241586209007,0.135545653208015,0.864454346791985,2.96272463293486e-104,TRUE,298,120.40177876957,25.006784925527,0.188117270096584,0.0824668403203458,0.906354970546056,0.0936450294539442,0.0732938423801413,FALSE,278,64.3913734980898,0.561151079136691,298,0.500791536782126,0.250381927877712,0.458418465330898,0.227102858669259,0,357,"E:/Belize_DISC_2016/DATA/DISC_B/deployments/357/stats.csv"
"1681",1,"rotated",183,12.2700146453212,3.14654993441164,2.40295205366714,0.21549259195354,0.245187172116584,0.754812827883416,5.23859921696907e-46,TRUE,168,331.527655575775,11.0991107612984,0.574593056485006,0.115869914106789,0.723896200586045,0.276103799413955,2.74097803948547e-06,TRUE,153,55.3814454892272,0.57516339869281,168,0.517452346472535,0.294396949524428,0.477990862917204,0.257168535010449,0,359,"E:/Belize_DISC_2016/DATA/DISC_B/deployments/359/stats.csv"
"1701",1,"rotated",86,308.828127515732,10.0311901063431,0.913947767425872,0.176427423205529,0.58416100182049,0.41583899817951,3.47918274898743e-07,TRUE,69,226.282372844026,65.8978738056918,0.148230209174627,0.17095275818964,0.926087706961074,0.0739122930389264,0.68595114753576,FALSE,53,64.9816120687496,0.584905660377358,69,0.579072463309921,0.432154328708988,0.536749128487824,0.307192705007308,0,361,"E:/Belize_DISC_2016/DATA/DISC_B/deployments/361/stats.csv"
"172",1,"rotated",135,328.946519592251,4.53941021244902,1.78853209813355,0.194529117119526,0.338745736180006,0.661254263819994,2.31056070872431e-26,TRUE,115,156.089027112503,20.5997063993496,0.369904527764709,0.135260954141305,0.818138055107059,0.181861944892941,0.0222929854228513,TRUE,97,61.8918492156101,0.536082474226804,115,0.541317668684009,0.349817700796789,0.501005877495789,0.285713379663973,0,363,"E:/Belize_DISC_2016/DATA/DISC_B/deployments/363/stats.csv"
"174",1,"rotated",870,36.6377020360201,5.30486235670957,0.526650070540423,0.050441894463945,0.745375079058619,0.254624920941381,3.187310659628e-25,TRUE,868,291.356487913961,44.2162153499523,0.0622158767571286,0.0480363749939137,0.968907103541985,0.0310928964580155,0.432075556636688,FALSE,866,53.2591215276332,0.480369515011547,868,Inf,NA,0.50070063040623,0.293785617031304,0,46,"E:/Belize_DISC_2016/DATA/DISC_B/deployments/46/stats.csv"
"176",1,"rotated",897,59.5444267404589,7.45115581289034,0.366105217245384,0.0484064117488114,0.819944921539963,0.180055078460037,2.34671751932829e-13,TRUE,895,262.9356512516,49.268324898448,0.0549845091710668,0.0472987431612846,0.972518129831104,0.0274818701688962,0.508672136166801,FALSE,893,51.5180020059458,0.442329227323628,895,Inf,NA,0.485678221530958,0.293809434291096,0,48,"E:/Belize_DISC_2016/DATA/DISC_B/deployments/48/stats.csv"
"178",1,"rotated",847,227.561446155131,3.57187923447934,0.809995133789977,0.0545805245949817,0.624568474381958,0.375431525618042,1.42015420852158e-52,TRUE,834,174.527097726514,65.701059607789,0.0427102128424359,0.0489869600955487,0.978649761495472,0.0213502385045276,0.683748951554259,FALSE,821,54.6616918501101,0.482338611449452,834,Inf,NA,0.620322428370488,0.428862150690528,0,50,"E:/Belize_DISC_2016/DATA/DISC_B/deployments/50/stats.csv"
"180",1,"rotated",931,82.468318749925,3.6934565943457,0.742852591091686,0.0511516322273286,0.651812261141145,0.348187738858855,9.5806703264777e-50,TRUE,914,189.369910199521,107.622161493385,0.0249046049139616,0.0467834670291213,0.987548662869204,0.0124513371307964,0.867879223133072,FALSE,898,41.293841653598,0.334075723830735,914,0.7539333950012,0.431283853771723,0.71830046555291,0.356323245523534,0,72,"E:/Belize_DISC_2016/DATA/DISC_B/deployments/72/stats.csv"
"182",1,"rotated",533,353.791484262767,4.36451553231245,0.837734315810493,0.0693307101332604,0.613574471206551,0.386425528793449,2.7194206359599e-35,TRUE,495,312.904214692767,15.1547521771715,0.241187985209199,0.064257615178248,0.880274345102199,0.119725654897801,0.000828871800652399,TRUE,459,52.4789899833366,0.507625272331155,495,0.814590597073844,0.394907965812899,0.779580843975478,0.397956180245699,0,80,"E:/Belize_DISC_2016/DATA/DISC_B/deployments/80/stats.csv"
"184",1,"rotated",631,110.478016439987,1.41092818453126,3.17803772321299,0.156125982343813,0.176690264891342,0.823309735108658,1.75851345518339e-186,TRUE,610,194.475672587403,45.7592042595741,0.0717189279841079,0.0573150572800122,0.964163572093469,0.0358364279065309,0.456853625039876,FALSE,591,61.2281820872357,0.519458544839255,610,0.457515781746148,0.318972722737014,0.395944546003459,0.249715300411242,0,82,"E:/Belize_DISC_2016/DATA/DISC_B/deployments/82/stats.csv"
"186",1,"rotated",518,80.5949765757016,1.18057013485367,5.07943232451756,0.293632272223827,0.104462355302041,0.895537644697959,3.81250777416673e-181,TRUE,505,335.432201664154,31.2811672488816,0.115363849035714,0.0630887246841174,0.942413822063149,0.0575861779368505,0.187370978680573,FALSE,493,94.4740614144886,0.734279918864097,505,0.163396496490141,0.224564221339217,0.0990773922837498,0.0756389741781747,0,84,"E:/Belize_DISC_2016/DATA/DISC_B/deployments/84/stats.csv"
"188",1,"rotated",1000,314.580967559953,7.13822752351283,0.361871172541326,0.0458198857328219,0.821960694539244,0.178039305460756,1.71291571155539e-14,TRUE,986,46.2608492806556,24.6676225448961,0.104681269622894,0.0451302754917445,0.947730928758018,0.0522690712419817,0.067623006081596,FALSE,972,44.4136452232341,0.380658436213992,986,0.816496364391833,0.426231135477167,0.741228724544308,0.378811684624714,0,90,"E:/Belize_DISC_2016/DATA/DISC_B/deployments/90/stats.csv"
